{
    "bitcoin": {
        "xrp": 116689,
        "bch": 207.985,
        "eos": 164142,
        "ltc": 1074,
        "eth": 28.357138,
        "btc": 1.0
    },
    "bitcoin-cash": {
        "xrp": 561.028,
        "bch": 1.0,
        "eos": 789.136,
        "ltc": 5.16124,
        "eth": 0.13633858,
        "btc": 0.00480889
    },
    "cardano": {
        "xrp": 0.7315027,
        "bch": 0.00130383,
        "eos": 1.028983,
        "ltc": 0.00673015,
        "eth": 0.00017777,
        "btc": 6.27e-06
    },
    "eos": {
        "xrp": 0.71089784,
        "bch": 0.0012671,
        "eos": 1.0,
        "ltc": 0.00654057,
        "eth": 0.00017276,
        "btc": 6.09e-06
    },
    "ethereum": {
        "xrp": 4115,
        "bch": 7.334616,
        "eos": 5788,
        "ltc": 37.855407,
        "eth": 1.0,
        "btc": 0.03527108
    },
    "litecoin": {
        "xrp": 108.689,
        "bch": 0.19373279,
        "eos": 152.88,
        "ltc": 1.0,
        "eth": 0.02641304,
        "btc": 0.00093163
    },
    "ripple": {
        "xrp": 1.0,
        "bch": 0.00178252,
        "eos": 1.406772,
        "ltc": 0.0092011,
        "eth": 0.00024303,
        "btc": 8.57e-06
    }
}